4926	10	-1		ДВОРЕЦ	1
4927	10	-1	4926	АКВАПАРК	1
6717	10	-1	8805	ШАЛЕ	1
4928	10	-1	6717	ДВОРЕЦ	1
4929	10	-1	6492	АКВАПАРК	1
5134	10	-1	6660	ШАЛЕ	1
5138	10	-1	5134	ДВОРЕЦ	1
5131	10	-1	5134	АКВАПАРК	1
4931	10	-1	9385	ШАЛЕ	1
5137	10	-1	4931	АКВАПАРК	1
5129	10	-1	4931	ДВОРЕЦ	1
5140	10	-1	5137	АКВАПАРК	1
5979	5	-1	5129.5140	ДВОРЕЦ	1
5154	5	-1	10243	ДВОРЕЦ	1
5139	5	-1	6761	ДВОРЕЦ	1
4932	5	-1	5986	ДВОРЕЦ	1
6761	5	-1	8646	ДВОРЕЦ	1
6765	5	-1	5157	ДВОРЕЦ	1
5157	5	-1	5139	ДВОРЕЦ	1
5986	5	-1	8257	ДВОРЕЦ	1
5983	5	-1	6002	ДВОРЕЦ	1
6002	5	-1	8264	ДВОРЕЦ	1
5132	5	-1	5979	ДВОРЕЦ	1
5999	5	-1	8301	ДВОРЕЦ	1
5970	5	-1	8529	ДВОРЕЦ	1
8257	5	-1	6765	ДВОРЕЦ	1
8264	5	-1	4932	ДВОРЕЦ	1
8277	5	-1	5132	ДВОРЕЦ	1
8278	5	-1	8664	ДВОРЕЦ	1
8301	5	-1	5970	ДВОРЕЦ	1
8310	5	-1	8277	ДВОРЕЦ	1
10183	5	-1	101284	ДВОРЕЦ	1
8325	5	-1	8310	ДВОРЕЦ	1
8343	5	-1	5983	ДВОРЕЦ	1
8487	5	-1	8343	ДВОРЕЦ	1
8507	5	-1	8487	ДВОРЕЦ	1
10184	5	-1	4926.5140	ДВОРЕЦ	1
8529	5	-1	8325	ДВОРЕЦ	1
8539	5	-1	5999	ДВОРЕЦ	1
8646	5	-1	8539	ДВОРЕЦ	1
10185	5	-1	10183	ДВОРЕЦ	1
8664	5	-1	8507	ДВОРЕЦ	1
8680	5	-1	5154	ДВОРЕЦ	1
10246	5	-1	10250	АКВАПАРК	1
4930	5	-1	8635	АКВАПАРК	1
5167	5	-1	5162	АКВАПАРК	1
5148	5	-1	6766	АКВАПАРК	1
5165	5	-1	5148	АКВАПАРК	1
6762	5	-1	5165	АКВАПАРК	1
6766	5	-1	5977	АКВАПАРК	1
5977	5	-1	8540	АКВАПАРК	1
5964	5	-1	5167	АКВАПАРК	1
5151	5	-1	5668	АКВАПАРК	1
5162	5	-1	5151	АКВАПАРК	1
5128	5	-1	5964	АКВАПАРК	1
5972	5	-1	8283	АКВАПАРК	1
5153	5	-1	5972	АКВАПАРК	1
5668	5	-1	5153	АКВАПАРК	1
8258	5	-1	10247	АКВАПАРК	1
8271	5	-1	8258	АКВАПАРК	1
8283	5	-1	4930	АКВАПАРК	1
8294	5	-1	9999	АКВАПАРК	1
8306	5	-1	8725	АКВАПАРК	1
8320	5	-1	8294	АКВАПАРК	1
8328	5	-1	8320	АКВАПАРК	1
8339	5	-1	8328	АКВАПАРК	1
8477	5	-1	6762	АКВАПАРК	1
8508	5	-1	8477	АКВАПАРК	1
8518	5	-1	8508	АКВАПАРК	1
8540	5	-1	8339	АКВАПАРК	1
8628	5	-1	8518	АКВАПАРК	1
8635	5	-1	8628	АКВАПАРК	1
8725	5	-1	8271	АКВАПАРК	1
10251	5	-1	8340	ШАЛЕ	1
10252	5	-1	8639	ШАЛЕ	1
10253	5	-1	10252	ШАЛЕ	1
5152	5	-1	5147	ШАЛЕ	1
5141	5	-1	5669	ШАЛЕ	1
5974	5	-1	6760	ШАЛЕ	1
6760	5	-1	6764	ШАЛЕ	1
5147	5	-1	10253	ШАЛЕ	1
5669	5	-1	6008	ШАЛЕ	1
6764	5	-1	5141	ШАЛЕ	1
5130	5	-1	5988	ШАЛЕ	1
5133	5	-1	5135	ШАЛЕ	1
5988	5	-1	5133	ШАЛЕ	1
5976	5	-1	5130	ШАЛЕ	1
5135	5	-1	8726	ШАЛЕ	1
5993	5	-1	8263	ШАЛЕ	1
6003	5	-1	5993	ШАЛЕ	1
6008	5	-1	8347	ШАЛЕ	1
8263	5	-1	5976	ШАЛЕ	1
8276	5	-1	8629	ШАЛЕ	1
8284	5	-1	5974	ШАЛЕ	1
8304	5	-1	8284	ШАЛЕ	1
8312	5	-1	8304	ШАЛЕ	1
8327	5	-1	8312	ШАЛЕ	1
8331	5	-1	8497	ШАЛЕ	1
8340	5	-1	8331	ШАЛЕ	1
8347	5	-1	6003	ШАЛЕ	1
8497	5	-1	8327	ШАЛЕ	1
8509	5	-1	8560	ШАЛЕ	1
8519	5	-1	8276	ШАЛЕ	1
8560	5	-1	8519	ШАЛЕ	1
8629	5	-1	10251	ШАЛЕ	1
8639	5	-1	8655	ШАЛЕ	1
8655	5	-1	8509	ШАЛЕ	1
8726	5	-1	5152	ШАЛЕ	1
5150	5	-1	8498	УНИВЕРСИТЕТ	1
5146	5	-1	5145	УНИВЕРСИТЕТ	1
5145	5	-1	5142	УНИВЕРСИТЕТ	1
5168	5	-1	5146	УНИВЕРСИТЕТ	1
5163	5	-1	6005	УНИВЕРСИТЕТ	1
5962	5	-1	6011	УНИВЕРСИТЕТ	1
5142	5	-1	5150	УНИВЕРСИТЕТ	1
5973	5	-1	5969	УНИВЕРСИТЕТ	1
5978	5	-1	5962	УНИВЕРСИТЕТ	1
5961	5	-1	5990	УНИВЕРСИТЕТ	1
5990	5	-1	5978	УНИВЕРСИТЕТ	1
5969	5	-1	8479	УНИВЕРСИТЕТ	1
5987	5	-1	5961	УНИВЕРСИТЕТ	1
6005	5	-1	5973	УНИВЕРСИТЕТ	1
5161	5	-1	5995	УНИВЕРСИТЕТ	1
5995	5	-1	5156	УНИВЕРСИТЕТ	1
5156	5	-1	5168	УНИВЕРСИТЕТ	1
6011	5	-1	5163	УНИВЕРСИТЕТ	1
6010	5	-1	5161	УНИВЕРСИТЕТ	1
8261	5	-1	5987	УНИВЕРСИТЕТ	1
8265	5	-1	8261	УНИВЕРСИТЕТ	1
8269	5	-1	8265	УНИВЕРСИТЕТ	1
8274	5	-1	8269	УНИВЕРСИТЕТ	1
8281	5	-1	8520	УНИВЕРСИТЕТ	1
8286	5	-1	8281	УНИВЕРСИТЕТ	1
8297	5	-1	8286	УНИВЕРСИТЕТ	1
8308	5	-1	8636	УНИВЕРСИТЕТ	1
8315	5	-1	8297	УНИВЕРСИТЕТ	1
8332	5	-1	8308	УНИВЕРСИТЕТ	1
8341	5	-1	8332	УНИВЕРСИТЕТ	1
8479	5	-1	6010	УНИВЕРСИТЕТ	1
8498	5	-1	8547	УНИВЕРСИТЕТ	1
8520	5	-1	8274	УНИВЕРСИТЕТ	1
8547	5	-1	8341	УНИВЕРСИТЕТ	1
8636	5	-1	8315	УНИВЕРСИТЕТ	1
5963	5	-1	8562	ПОБЕРЕЖЬЕ	1
5967	5	-1	5963	ПОБЕРЕЖЬЕ	1
5971	5	-1	5967	ПОБЕРЕЖЬЕ	1
5975	5	-1	5981	ПОБЕРЕЖЬЕ	1
5981	5	-1	5971	ПОБЕРЕЖЬЕ	1
5989	5	-1	5149	ПОБЕРЕЖЬЕ	1
5984	5	-1	5989	ПОБЕРЕЖЬЕ	1
6009	5	-1	5984	ПОБЕРЕЖЬЕ	1
6001	5	-1	6009	ПОБЕРЕЖЬЕ	1
5149	5	-1	8630	ПОБЕРЕЖЬЕ	1
5155	5	-1	8268	ПОБЕРЕЖЬЕ	1
6004	5	-1	5975	ПОБЕРЕЖЬЕ	1
5160	5	-1	6004	ПОБЕРЕЖЬЕ	1
8262	5	-1	5160	ПОБЕРЕЖЬЕ	1
8268	5	-1	8671	ПОБЕРЕЖЬЕ	1
8273	5	-1	8262	ПОБЕРЕЖЬЕ	1
8280	5	-1	5155	ПОБЕРЕЖЬЕ	1
8290	5	-1	8280	ПОБЕРЕЖЬЕ	1
8291	5	-1	8290	ПОБЕРЕЖЬЕ	1
8296	5	-1	8291	ПОБЕРЕЖЬЕ	1
8302	5	-1	8296	ПОБЕРЕЖЬЕ	1
8307	5	-1	8302	ПОБЕРЕЖЬЕ	1
8420	5	-1	8665	ПОБЕРЕЖЬЕ	1
8421	5	-1	8337	ПОБЕРЕЖЬЕ	1
8333	5	-1	8307	ПОБЕРЕЖЬЕ	1
8337	5	-1	8420	ПОБЕРЕЖЬЕ	1
8480	5	-1	6001	ПОБЕРЕЖЬЕ	1
8488	5	-1	8480	ПОБЕРЕЖЬЕ	1
8499	5	-1	8488	ПОБЕРЕЖЬЕ	1
8511	5	-1	8499	ПОБЕРЕЖЬЕ	1
8521	5	-1	8421	ПОБЕРЕЖЬЕ	1
8562	5	-1	8333	ПОБЕРЕЖЬЕ	1
8630	5	-1	8273	ПОБЕРЕЖЬЕ	1
8665	5	-1	8511	ПОБЕРЕЖЬЕ	1
8671	5	-1	8521	ПОБЕРЕЖЬЕ	1
8679	5	-1	8512	ЯРМАРКА	1
5985	5	-1	6007	ЯРМАРКА	1
5982	5	-1	5985	ЯРМАРКА	1
6007	5	-1	6000	ЯРМАРКА	1
6000	5	-1	8621	ЯРМАРКА	1
5996	5	-1	6006	ЯРМАРКА	1
5136	5	-1	5982	ЯРМАРКА	1
6006	5	-1	8259	ЯРМАРКА	1
8259	5	-1	5136	ЯРМАРКА	1
8266	5	-1	8679	ЯРМАРКА	1
8270	5	-1	8266	ЯРМАРКА	1
8275	5	-1	8270	ЯРМАРКА	1
8282	5	-1	5996	ЯРМАРКА	1
8287	5	-1	8317	ЯРМАРКА	1
8292	5	-1	8287	ЯРМАРКА	1
8298	5	-1	8282	ЯРМАРКА	1
8303	5	-1	8292	ЯРМАРКА	1
8311	5	-1	8572	ЯРМАРКА	1
8314	5	-1	8303	ЯРМАРКА	1
8317	5	-1	8275	ЯРМАРКА	1
8324	5	-1	8314	ЯРМАРКА	1
8334	5	-1	8298	ЯРМАРКА	1
8346	5	-1	8334	ЯРМАРКА	1
8348	5	-1	8324	ЯРМАРКА	1
8351	5	-1	8346	ЯРМАРКА	1
8481	5	-1	8351	ЯРМАРКА	1
8512	5	-1	8481	ЯРМАРКА	1
8522	5	-1	8348	ЯРМАРКА	1
8544	5	-1	8522	ЯРМАРКА	1
8553	5	-1	8311	ЯРМАРКА	1
8564	5	-1	8553	ЯРМАРКА	1
8572	5	-1	8544	ЯРМАРКА	1
8621	5	-1	8564	ЯРМАРКА	1
5143	5	-1	8661	ГОНДОЛА	1
5158	5	-1	8675	ГОНДОЛА	1
8256	5	-1	5158	ГОНДОЛА	1
8260	5	-1	8256	ГОНДОЛА	1
8267	5	-1	8260	ГОНДОЛА	1
8272	5	-1	8267	ГОНДОЛА	1
8279	5	-1	8272	ГОНДОЛА	1
8289	5	-1	8279	ГОНДОЛА	1
8295	5	-1	8289	ГОНДОЛА	1
8300	5	-1	8335	ГОНДОЛА	1
8313	5	-1	8300	ГОНДОЛА	1
8322	5	-1	8295	ГОНДОЛА	1
8335	5	-1	8322	ГОНДОЛА	1
8338	5	-1	8313	ГОНДОЛА	1
8342	5	-1	8524	ГОНДОЛА	1
8350	5	-1	8491	ГОНДОЛА	1
8482	5	-1	8350	ГОНДОЛА	1
8485	5	-1	8631	ГОНДОЛА	1
8490	5	-1	8482	ГОНДОЛА	1
8491	5	-1	8501	ГОНДОЛА	1
8501	5	-1	8338	ГОНДОЛА	1
8513	5	-1	8342	ГОНДОЛА	1
8524	5	-1	8490	ГОНДОЛА	1
8533	5	-1	8513	ГОНДОЛА	1
8542	5	-1	8533	ГОНДОЛА	1
8548	5	-1	8485	ГОНДОЛА	1
8554	5	-1	8548	ГОНДОЛА	1
8559	5	-1	8554	ГОНДОЛА	1
8565	5	-1	5143	ГОНДОЛА	1
8622	5	-1	8565	ГОНДОЛА	1
8631	5	-1	8542	ГОНДОЛА	1
8661	5	-1	8559	ГОНДОЛА	1
8666	5	-1	8622	ГОНДОЛА	1
8675	5	-1	8666	ГОНДОЛА	1
8285	5	-1	8571	ПАБ	1
8288	5	-1	8285	ПАБ	1
8293	5	-1	8288	ПАБ	1
8299	5	-1	8293	ПАБ	1
8305	5	-1	8555	ПАБ	1
8309	5	-1	8305	ПАБ	1
8319	5	-1	8309	ПАБ	1
8329	5	-1	8623	ПАБ	1
8330	5	-1	8546	ПАБ	1
8336	5	-1	8329	ПАБ	1
8352	5	-1	8566	ПАБ	1
8475	5	-1	8336	ПАБ	1
8483	5	-1	8319	ПАБ	1
8489	5	-1	8330	ПАБ	1
8495	5	-1	8489	ПАБ	1
8514	5	-1	8495	ПАБ	1
8525	5	-1	8352	ПАБ	1
8534	5	-1	8525	ПАБ	1
8543	5	-1	8534	ПАБ	1
8546	5	-1	8475	ПАБ	1
8555	5	-1	8299	ПАБ	1
8566	5	-1	8514	ПАБ	1
8571	5	-1	8673	ПАБ	1
8617	5	-1	8657	ПАБ	1
8623	5	-1	8483	ПАБ	1
8632	5	-1	8641	ПАБ	1
8640	5	-1	8543	ПАБ	1
8641	5	-1	8640	ПАБ	1
8647	5	-1	8632	ПАБ	1
8651	5	-1	8647	ПАБ	1
8657	5	-1	8651	ПАБ	1
8662	5	-1	8617	ПАБ	1
8673	5	-1	8674	ПАБ	1
8674	5	-1	8670	ПАБ	1
8316	5	-1	8676	ПРОДУКТОВАЯ ЛАВКА	1
8318	5	-1	8316	ПРОДУКТОВАЯ ЛАВКА	1
8321	5	-1	10001	ПРОДУКТОВАЯ ЛАВКА	1
8323	5	-1	8321	ПРОДУКТОВАЯ ЛАВКА	1
8326	5	-1	8344	ПРОДУКТОВАЯ ЛАВКА	1
8344	5	-1	8323	ПРОДУКТОВАЯ ЛАВКА	1
8353	5	-1	8326	ПРОДУКТОВАЯ ЛАВКА	1
8484	5	-1	8353	ПРОДУКТОВАЯ ЛАВКА	1
8493	5	-1	8484	ПРОДУКТОВАЯ ЛАВКА	1
8504	5	-1	8523	ПРОДУКТОВАЯ ЛАВКА	1
8515	5	-1	8504	ПРОДУКТОВАЯ ЛАВКА	1
8523	5	-1	8493	ПРОДУКТОВАЯ ЛАВКА	1
8526	5	-1	8515	ПРОДУКТОВАЯ ЛАВКА	1
8531	5	-1	8526	ПРОДУКТОВАЯ ЛАВКА	1
8535	5	-1	8550	ПРОДУКТОВАЯ ЛАВКА	1
8550	5	-1	8531	ПРОДУКТОВАЯ ЛАВКА	1
8563	5	-1	8535	ПРОДУКТОВАЯ ЛАВКА	1
8567	5	-1	8563	ПРОДУКТОВАЯ ЛАВКА	1
8573	5	-1	8574	ПРОДУКТОВАЯ ЛАВКА	1
8574	5	-1	8652	ПРОДУКТОВАЯ ЛАВКА	1
8624	5	-1	8573	ПРОДУКТОВАЯ ЛАВКА	1
8642	5	-1	8624	ПРОДУКТОВАЯ ЛАВКА	1
8648	5	-1	8683	ПРОДУКТОВАЯ ЛАВКА	1
8652	5	-1	8567	ПРОДУКТОВАЯ ЛАВКА	1
8658	5	-1	8648	ПРОДУКТОВАЯ ЛАВКА	1
8663	5	-1	8681	ПРОДУКТОВАЯ ЛАВКА	1
8667	5	-1	10000	ПРОДУКТОВАЯ ЛАВКА	1
8670	5	-1	8662	ПАБ	1
8672	5	-1	8642	ПРОДУКТОВАЯ ЛАВКА	1
8676	5	-1	8663	ПРОДУКТОВАЯ ЛАВКА	1
8678	5	-1	8667	ПРОДУКТОВАЯ ЛАВКА	1
8681	5	-1	8678	ПРОДУКТОВАЯ ЛАВКА	1
8683	5	-1	8672	ПРОДУКТОВАЯ ЛАВКА	1
8345	5	-1	8653	КОНДИТЕРСКАЯ	1
8349	5	-1	8345	КОНДИТЕРСКАЯ	1
8476	5	-1	8349	КОНДИТЕРСКАЯ	1
8478	5	-1	8476	КОНДИТЕРСКАЯ	1
8486	5	-1	8505	КОНДИТЕРСКАЯ	1
8494	5	-1	8486	КОНДИТЕРСКАЯ	1
8500	5	-1	8494	КОНДИТЕРСКАЯ	1
8502	5	-1	8500	КОНДИТЕРСКАЯ	1
8505	5	-1	8478	КОНДИТЕРСКАЯ	1
8516	5	-1	8659	КОНДИТЕРСКАЯ	1
8527	5	-1	8516	КОНДИТЕРСКАЯ	1
8530	5	-1	8527	КОНДИТЕРСКАЯ	1
8536	5	-1	8643	КОНДИТЕРСКАЯ	1
8549	5	-1	8536	КОНДИТЕРСКАЯ	1
8557	5	-1	8549	КОНДИТЕРСКАЯ	1
8561	5	-1	8568	КОНДИТЕРСКАЯ	1
8568	5	-1	8530	КОНДИТЕРСКАЯ	1
8618	5	-1	8557	КОНДИТЕРСКАЯ	1
8625	5	-1	8618	КОНДИТЕРСКАЯ	1
8634	5	-1	8625	КОНДИТЕРСКАЯ	1
8643	5	-1	8561	КОНДИТЕРСКАЯ	1
8659	5	-1	8502	КОНДИТЕРСКАЯ	1
8492	5	-1	8634	КАРУСЕЛЬ	1
8496	5	-1	8492	КАРУСЕЛЬ	1
8503	5	-1	8496	КАРУСЕЛЬ	1
8506	5	-1	8503	КАРУСЕЛЬ	1
8510	5	-1	8532	КАРУСЕЛЬ	1
8517	5	-1	8510	КАРУСЕЛЬ	1
8528	5	-1	8517	КАРУСЕЛЬ	1
8532	5	-1	8506	КАРУСЕЛЬ	1
8537	5	-1	8528	КАРУСЕЛЬ	1
8551	5	-1	8569	КАРУСЕЛЬ	1
8558	5	-1	8551	КАРУСЕЛЬ	1
8569	5	-1	8537	КАРУСЕЛЬ	1
8619	5	-1	8558	КАРУСЕЛЬ	1
8626	5	-1	8619	КАРУСЕЛЬ	1
8637	5	-1	8668	КАРУСЕЛЬ	1
8644	5	-1	8637	КАРУСЕЛЬ	1
8650	5	-1	8644	КАРУСЕЛЬ	1
8653	5	-1	8682	КАРУСЕЛЬ	1
8660	5	-1	8650	КАРУСЕЛЬ	1
8668	5	-1	8626	КАРУСЕЛЬ	1
8682	5	-1	8660	КАРУСЕЛЬ	1
8538	460	-1	8654	ФОРМУЛА 1	1
8541	460	-1	8538	ФОРМУЛА 1	1
8545	480	-1	8541	ФОРМУЛА 1	1
8552	480	-1	8545	ФОРМУЛА 1	1
8556	480	-1	8649	ФОРМУЛА 1	1
8570	500	-1	8556	ФОРМУЛА 1	1
8620	500	-1	8570	ФОРМУЛА 1	1
8627	500	-1	8620	ФОРМУЛА 1	1
8633	500	-1	8677	ФОРМУЛА 1	1
8638	500	-1	8633	ФОРМУЛА 1	1
8645	550	-1	8638	ФОРМУЛА 1	1
8649	550	-1	8552	ФОРМУЛА 1	1
8654	550	-1	8656	ФОРМУЛА 1	1
8656	575	-1	8669	ФОРМУЛА 1	1
8669	575	-1	8645	ФОРМУЛА 1	1
8677	585	-1	8627	ФОРМУЛА 1	1
6737	10	-1	6492	ПАЗЛ	1
10502	5	-1	6756	СЛОВА	1
10255	20	-1	6737.5140	ПАЗЛ	1
8785	5	-1	10502.5140	СЛОВА	1
6783	5	-1	10255	ПАЗЛ	1
8784	5	-1	8785	СЛОВА	1
8783	5	-1	8784	СЛОВА	1
6782	5	-1	6783	ПАЗЛ	1
8782	5	-1	8783	СЛОВА	1
6785	5	-1	6782	ПАЗЛ	1
8781	5	-1	8782	СЛОВА	1
6786	5	-1	6785	ПАЗЛ	1
8780	5	-1	8781	СЛОВА	1
8786	5	-1	6786	ПАЗЛ	1
8775	5	-1	8780	СЛОВА	1
8787	5	-1	8786	ПАЗЛ	1
8774	5	-1	8775	СЛОВА	1
8788	5	-1	8787	ПАЗЛ	1
8777	5	-1	8774	СЛОВА	1
8789	5	-1	8788	ПАЗЛ	1
8790	5	-1	8789	ПАЗЛ	1
8776	5	-1	8777	СЛОВА	1
8791	5	-1	8790	ПАЗЛ	1
8778	5	-1	8776	СЛОВА	1
8779	5	-1	8778	СЛОВА	1
8805	10	-1	4927	Миллионер	1
9199	10	-1	5138	Казино	1
6756	20	-1	9199	Память	1
10256	20	-1	8805.5140	Миллионер	1
10257	20	-1	9199.5140	Казино	1
10258	20	-1	6756.5140	Память	1
9192	5	-1	10257	Казино	1
8806	5	-1	10256	Миллионер	1
6775	5	-1	10258	Память	1
9193	5	-1	9192	Казино	1
8807	5	-1	8806	Миллионер	1
6774	5	-1	6775	Память	1
9194	5	-1	9193	Казино	1
8808	5	-1	8807	Миллионер	1
6772	5	-1	6774	Память	1
8809	5	-1	8808	Миллионер	1
9195	5	-1	9194	Казино	1
8810	5	-1	8809	Миллионер	1
6773	5	-1	6774	Память	1
9196	5	-1	9195	Казино	1
8811	5	-1	8810	Миллионер	1
6776	5	-1	6773	Память	1
8766	5	-1	6776	Память	1
8812	5	-1	8811	Миллионер	1
9197	5	-1	9196	Казино	1
8813	5	-1	8812	Миллионер	1
8767	5	-1	8766	Память	1
9198	5	-1	9197	Казино	1
8768	5	-1	8767	Память	1
8814	5	-1	8813	Миллионер	1
8815	5	-1	8814	Миллионер	1
8850	5	-1	8768	Память	1
8771	5	-1	8850	Память	1
8816	5	-1	8815	Миллионер	1
9200	5	-1	9198	Казино	1
8817	5	-1	8816	Миллионер	1
8772	5	-1	8771	Память	1
9191	5	-1	9200	Казино	1
8818	5	-1	8817	Миллионер	1
6781	5	-1	8772	Память	1
9201	5	-1	9191	Казино	1
8819	5	-1	8818	Миллионер	1
6660	5	-1	4929	Угадайка	1
5719	35	-1	6660.5140	Угадайка	1
5724	10	-1	5719	Угадайка	1
5758	10	-1	5724	Угадайка	1
5759	10	-1	5758	Угадайка	1
5760	10	-1	5759	Угадайка	1
5761	10	-1	5760	Угадайка	1
5762	10	-1	5761	Угадайка	1
5763	10	-1	5762	Угадайка	1
5764	10	-1	5763	Угадайка	1
5765	10	-1	5764	Угадайка	1
5830	10	-1	5765	Угадайка	1
5835	10	-1	5830	Угадайка	1
5840	10	-1	5835	Угадайка	1
5870	10	-1	5840	Угадайка	1
5865	10	-1	5870	Угадайка	1
5855	10	-1	5865	Угадайка	1
5850	10	-1	5855	Угадайка	1
5841	10	-1	5850	Угадайка	1
5860	10	-1	5841	Угадайка	1
5924	10	-1	5860	Угадайка	1
6035	10	-1	5924	Угадайка	1
6040	10	-1	6035	Угадайка	1
6045	10	-1	6040	Угадайка	1
6055	10	-1	6045	Угадайка	1
6060	10	-1	6055	Угадайка	1
6050	10	-1	6060	Угадайка	1
5929	10	-1	6050	Угадайка	1
5934	10	-1	5929	Угадайка	1
5939	10	-1	5934	Угадайка	1
5959	10	-1	5939	Угадайка	1
5954	10	-1	5959	Угадайка	1
5949	10	-1	5954	Угадайка	1
5944	10	-1	5949	Угадайка	1
5662	10	-1	5944	Угадайка	1
6065	10	-1	5662	Угадайка	1
6070	10	-1	6065	Угадайка	1
6075	10	-1	6070	Угадайка	1
6080	10	-1	6075	Угадайка	1
6085	10	-1	6080	Угадайка	1
6090	10	-1	6085	Угадайка	1
6095	10	-1	6090	Угадайка	1
6100	10	-1	6095	Угадайка	1
6105	10	-1	6100	Угадайка	1
6110	10	-1	6105	Угадайка	1
6115	10	-1	6110	Угадайка	1
6120	10	-1	6115	Угадайка	1
6126	10	-1	6120	Угадайка	1
6131	10	-1	6126	Угадайка	1
6136	10	-1	6131	Угадайка	1
6386	10	-1	6136	Угадайка	1
6381	10	-1	6386	Угадайка	1
6376	10	-1	6381	Угадайка	1
6371	10	-1	6376	Угадайка	1
6366	10	-1	6371	Угадайка	1
6361	10	-1	6366	Угадайка	1
6356	10	-1	6361	Угадайка	1
6351	10	-1	6356	Угадайка	1
6346	10	-1	6351	Угадайка	1
6266	10	-1	6346	Угадайка	1
6341	10	-1	6266	Угадайка	1
6336	10	-1	6341	Угадайка	1
6331	10	-1	6336	Угадайка	1
6321	10	-1	6331	Угадайка	1
6326	10	-1	6321	Угадайка	1
6316	10	-1	6326	Угадайка	1
6311	10	-1	6316	Угадайка	1
6306	10	-1	6311	Угадайка	1
6301	10	-1	6306	Угадайка	1
6296	10	-1	6301	Угадайка	1
6291	10	-1	6296	Угадайка	1
6286	10	-1	6291	Угадайка	1
6281	10	-1	6286	Угадайка	1
6276	10	-1	6281	Угадайка	1
6271	10	-1	6276	Угадайка	1
6141	10	-1	6271	Угадайка	1
6146	10	-1	6141	Угадайка	1
6151	10	-1	6146	Угадайка	1
6261	10	-1	6151	Угадайка	1
6256	10	-1	6261	Угадайка	1
6251	10	-1	6256	Угадайка	1
6246	10	-1	6251	Угадайка	1
6241	10	-1	6246	Угадайка	1
6236	10	-1	6241	Угадайка	1
6231	10	-1	6236	Угадайка	1
6226	10	-1	6231	Угадайка	1
6221	10	-1	6226	Угадайка	1
6216	10	-1	6221	Угадайка	1
6211	10	-1	6216	Угадайка	1
6206	10	-1	6211	Угадайка	1
6201	10	-1	6206	Угадайка	1
6196	10	-1	6201	Угадайка	1
6191	10	-1	6196	Угадайка	1
6186	10	-1	6191	Угадайка	1
6181	10	-1	6186	Угадайка	1
6176	10	-1	6181	Угадайка	1
6171	10	-1	6176	Угадайка	1
6166	10	-1	6171	Угадайка	1
6161	10	-1	6166	Угадайка	1
6156	10	-1	6161	Угадайка	1
6491	10	-1	6156	Угадайка	1
6486	10	-1	6491	Угадайка	1
6481	10	-1	6486	Угадайка	1
6476	10	-1	6481	Угадайка	1
6471	10	-1	6476	Угадайка	1
6466	10	-1	6471	Угадайка	1
6461	10	-1	6466	Угадайка	1
6456	10	-1	6461	Угадайка	1
6451	10	-1	6456	Угадайка	1
6446	10	-1	6451	Угадайка	1
6441	10	-1	6446	Угадайка	1
6436	10	-1	6441	Угадайка	1
6431	10	-1	6436	Угадайка	1
6426	10	-1	6431	Угадайка	1
6421	10	-1	6426	Угадайка	1
6416	10	-1	6421	Угадайка	1
6411	10	-1	6416	Угадайка	1
6406	10	-1	6411	Угадайка	1
6401	10	-1	6406	Угадайка	1
6396	10	-1	6401	Угадайка	1
6391	10	-1	6396	Угадайка	1
7241	10	-1	6391	Угадайка	1
7246	10	-1	7241	Угадайка	1
7251	10	-1	7246	Угадайка	1
7256	10	-1	7251	Угадайка	1
7261	10	-1	7256	Угадайка	1
7266	10	-1	7261	Угадайка	1
7271	10	-1	7266	Угадайка	1
7276	10	-1	7271	Угадайка	1
7281	10	-1	7276	Угадайка	1
7286	10	-1	7281	Угадайка	1
7291	10	-1	7286	Угадайка	1
7296	10	-1	7291	Угадайка	1
7301	10	-1	7296	Угадайка	1
7306	10	-1	7301	Угадайка	1
7311	10	-1	7306	Угадайка	1
7316	10	-1	7311	Угадайка	1
7321	10	-1	7316	Угадайка	1
7326	10	-1	7321	Угадайка	1
7331	10	-1	7326	Угадайка	1
7336	10	-1	7331	Угадайка	1
7341	10	-1	7336	Угадайка	1
7346	10	-1	7341	Угадайка	1
7351	10	-1	7346	Угадайка	1
7356	10	-1	7351	Угадайка	1
7361	10	-1	7356	Угадайка	1
7366	10	-1	7361	Угадайка	1
7371	10	-1	7366	Угадайка	1
7376	10	-1	7371	Угадайка	1
7381	10	-1	7376	Угадайка	1
7386	10	-1	7381	Угадайка	1
7391	10	-1	7386	Угадайка	1
7396	10	-1	7391	Угадайка	1
7401	10	-1	7396	Угадайка	1
7406	10	-1	7401	Угадайка	1
7411	10	-1	7406	Угадайка	1
7416	10	-1	7411	Угадайка	1
7421	10	-1	7416	Угадайка	1
7426	10	-1	7421	Угадайка	1
7431	10	-1	7426	Угадайка	1
7436	10	-1	7431	Угадайка	1
7441	10	-1	7436	Угадайка	1
7446	10	-1	7441	Угадайка	1
7451	10	-1	7446	Угадайка	1
7456	10	-1	7451	Угадайка	1
7461	10	-1	7456	Угадайка	1
7466	10	-1	7461	Угадайка	1
7471	10	-1	7466	Угадайка	1
7476	10	-1	7471	Угадайка	1
7481	10	-1	7476	Угадайка	1
7486	10	-1	7481	Угадайка	1
7491	10	-1	7486	Угадайка	1
7496	10	-1	7491	Угадайка	1
7501	10	-1	7496	Угадайка	1
7506	10	-1	7501	Угадайка	1
7511	10	-1	7506	Угадайка	1
7516	10	-1	7511	Угадайка	1
7521	10	-1	7516	Угадайка	1
7526	10	-1	7521	Угадайка	1
7531	10	-1	7526	Угадайка	1
7536	10	-1	7531	Угадайка	1
7541	10	-1	7536	Угадайка	1
7546	10	-1	7541	Угадайка	1
7551	10	-1	7546	Угадайка	1
7556	10	-1	7551	Угадайка	1
7561	10	-1	7556	Угадайка	1
7566	10	-1	7561	Угадайка	1
7571	10	-1	7566	Угадайка	1
7576	10	-1	7571	Угадайка	1
7581	10	-1	7576	Угадайка	1
7586	10	-1	7581	Угадайка	1
7591	10	-1	7586	Угадайка	1
7596	10	-1	7591	Угадайка	1
7601	10	-1	7596	Угадайка	1
7606	10	-1	7601	Угадайка	1
7611	10	-1	7606	Угадайка	1
7616	10	-1	7611	Угадайка	1
7621	10	-1	7616	Угадайка	1
7626	10	-1	7621	Угадайка	1
7631	10	-1	7626	Угадайка	1
7636	10	-1	7631	Угадайка	1
7641	10	-1	7636	Угадайка	1
7646	10	-1	7641	Угадайка	1
7651	10	-1	7646	Угадайка	1
7656	10	-1	7651	Угадайка	1
7661	10	-1	7656	Угадайка	1
7666	10	-1	7661	Угадайка	1
7671	10	-1	7666	Угадайка	1
7676	10	-1	7671	Угадайка	1
7681	10	-1	7676	Угадайка	1
7686	10	-1	7681	Угадайка	1
7691	10	-1	7686	Угадайка	1
7696	10	-1	7691	Угадайка	1
7701	10	-1	7696	Угадайка	1
7706	10	-1	7701	Угадайка	1
7711	10	-1	7706	Угадайка	1
7716	10	-1	7711	Угадайка	1
7721	10	-1	7716	Угадайка	1
7726	10	-1	7721	Угадайка	1
7731	10	-1	7726	Угадайка	1
7736	10	-1	7731	Угадайка	1
7741	10	-1	7736	Угадайка	1
7746	10	-1	7741	Угадайка	1
7751	10	-1	7746	Угадайка	1
7756	10	-1	7751	Угадайка	1
7761	10	-1	7756	Угадайка	1
7766	10	-1	7761	Угадайка	1
7771	10	-1	7766	Угадайка	1
7776	10	-1	7771	Угадайка	1
7781	10	-1	7776	Угадайка	1
7786	10	-1	7781	Угадайка	1
7791	10	-1	7786	Угадайка	1
7796	10	-1	7791	Угадайка	1
7801	10	-1	7796	Угадайка	1
7806	10	-1	7801	Угадайка	1
7811	10	-1	7806	Угадайка	1
7816	10	-1	7811	Угадайка	1
7821	10	-1	7816	Угадайка	1
7826	10	-1	7821	Угадайка	1
7831	10	-1	7826	Угадайка	1
7836	10	-1	7831	Угадайка	1
7841	10	-1	7836	Угадайка	1
7846	10	-1	7841	Угадайка	1
7851	10	-1	7846	Угадайка	1
7856	10	-1	7851	Угадайка	1
7861	10	-1	7856	Угадайка	1
7866	10	-1	7861	Угадайка	1
7871	10	-1	7866	Угадайка	1
7876	10	-1	7871	Угадайка	1
7881	10	-1	7876	Угадайка	1
7886	10	-1	7881	Угадайка	1
7891	10	-1	7886	Угадайка	1
7896	10	-1	7891	Угадайка	1
7901	10	-1	7896	Угадайка	1
7906	10	-1	7901	Угадайка	1
7911	10	-1	7906	Угадайка	1
7916	10	-1	7911	Угадайка	1
7921	10	-1	7916	Угадайка	1
7926	10	-1	7921	Угадайка	1
7931	10	-1	7926	Угадайка	1
7936	10	-1	7931	Угадайка	1
7941	10	-1	7936	Угадайка	1
7946	10	-1	7941	Угадайка	1
7951	10	-1	7946	Угадайка	1
7956	10	-1	7951	Угадайка	1
7961	10	-1	7956	Угадайка	1
7966	10	-1	7961	Угадайка	1
7971	10	-1	7966	Угадайка	1
7976	10	-1	7971	Угадайка	1
7981	10	-1	7976	Угадайка	1
7986	10	-1	7981	Угадайка	1
7991	10	-1	7986	Угадайка	1
7996	10	-1	7991	Угадайка	1
8001	10	-1	7996	Угадайка	1
8006	10	-1	8001	Угадайка	1
8011	10	-1	8006	Угадайка	1
8016	10	-1	8011	Угадайка	1
8021	10	-1	8016	Угадайка	1
8026	10	-1	8021	Угадайка	1
8031	10	-1	8026	Угадайка	1
8036	10	-1	8031	Угадайка	1
8041	10	-1	8036	Угадайка	1
8046	10	-1	8041	Угадайка	1
8051	10	-1	8046	Угадайка	1
8056	10	-1	8051	Угадайка	1
8061	10	-1	8056	Угадайка	1
8066	10	-1	8061	Угадайка	1
8071	10	-1	8066	Угадайка	1
8076	10	-1	8071	Угадайка	1
8081	10	-1	8076	Угадайка	1
8086	10	-1	8081	Угадайка	1
8091	10	-1	8086	Угадайка	1
8096	10	-1	8091	Угадайка	1
8101	10	-1	8096	Угадайка	1
8106	10	-1	8101	Угадайка	1
8111	10	-1	8106	Угадайка	1
8116	10	-1	8111	Угадайка	1
8121	10	-1	8116	Угадайка	1
8126	10	-1	8121	Угадайка	1
8131	10	-1	8126	Угадайка	1
8136	10	-1	8131	Угадайка	1
8141	10	-1	8136	Угадайка	1
8146	10	-1	8141	Угадайка	1
8151	10	-1	8146	Угадайка	1
8156	10	-1	8151	Угадайка	1
8161	10	-1	8156	Угадайка	1
8166	10	-1	8161	Угадайка	1
8171	10	-1	8166	Угадайка	1
8176	10	-1	8171	Угадайка	1
8181	10	-1	8176	Угадайка	1
8186	10	-1	8181	Угадайка	1
8191	10	-1	8186	Угадайка	1
8196	10	-1	8191	Угадайка	1
8201	10	-1	8196	Угадайка	1
8206	10	-1	8201	Угадайка	1
6635	10	-1	8206	Угадайка	1
6640	10	-1	6635	Угадайка	1
6645	10	-1	6640	Угадайка	1
6650	10	-1	6645	Угадайка	1
6654	10	-1	6650	Угадайка	1
10241	10	-1	6654	Угадайка	1
6665	10	-1	10241	Угадайка	1
6670	10	-1	6665	Угадайка	1
6675	10	-1	6670	Угадайка	1
6681	10	-1	6675	Угадайка	1
6686	10	-1	6681	Угадайка	1
6691	10	-1	6686	Угадайка	1
6939	10	-1	6691	Угадайка	1
6975	10	-1	6939	Угадайка	1
6970	10	-1	6975	Угадайка	1
6965	10	-1	6970	Угадайка	1
6960	10	-1	6965	Угадайка	1
6948	10	-1	6960	Угадайка	1
6953	10	-1	6948	Угадайка	1
6985	10	-1	6953	Угадайка	1
6990	10	-1	6985	Угадайка	1
6995	10	-1	6990	Угадайка	1
7000	10	-1	6995	Угадайка	1
7005	10	-1	7000	Угадайка	1
6980	10	-1	7005	Угадайка	1
7010	10	-1	6980	Угадайка	1
7015	10	-1	7010	Угадайка	1
7205	10	-1	7015	Угадайка	1
7200	10	-1	7205	Угадайка	1
7195	10	-1	7200	Угадайка	1
7190	10	-1	7195	Угадайка	1
7185	10	-1	7190	Угадайка	1
7180	10	-1	7185	Угадайка	1
7175	10	-1	7180	Угадайка	1
7155	10	-1	7175	Угадайка	1
7160	10	-1	7155	Угадайка	1
7165	10	-1	7160	Угадайка	1
7170	10	-1	7165	Угадайка	1
7110	10	-1	7170	Угадайка	1
7115	10	-1	7110	Угадайка	1
7120	10	-1	7115	Угадайка	1
7150	10	-1	7120	Угадайка	1
7145	10	-1	7150	Угадайка	1
7140	10	-1	7145	Угадайка	1
7135	10	-1	7140	Угадайка	1
7130	10	-1	7135	Угадайка	1
7125	10	-1	7130	Угадайка	1
6696	10	-1	7125	Угадайка	1
6903	10	-1	6696	Угадайка	1
6908	10	-1	6903	Угадайка	1
6913	10	-1	6908	Угадайка	1
6918	10	-1	6913	Угадайка	1
7085	10	-1	6918	Угадайка	1
7090	10	-1	7085	Угадайка	1
7095	10	-1	7090	Угадайка	1
7100	10	-1	7095	Угадайка	1
7105	10	-1	7100	Угадайка	1
7060	10	-1	7105	Угадайка	1
7065	10	-1	7060	Угадайка	1
7070	10	-1	7065	Угадайка	1
7075	10	-1	7070	Угадайка	1
7080	10	-1	7075	Угадайка	1
7055	10	-1	7080	Угадайка	1
7050	10	-1	7055	Угадайка	1
7020	10	-1	7050	Угадайка	1
7025	10	-1	7020	Угадайка	1
7030	10	-1	7025	Угадайка	1
7045	10	-1	7030	Угадайка	1
7040	10	-1	7045	Угадайка	1
7035	10	-1	7040	Угадайка	1
6938	10	-1	7035	Угадайка	1
6933	10	-1	6938	Угадайка	1
6928	10	-1	6933	Угадайка	1
6923	10	-1	6928	Угадайка	1
6492	45	-1	4928	Коллекция	1
9260	5	-1	5134	Опросник	1
9385	10	-1	5138	Путешествуйте_больше	1
9999	0	-1	9199	Репутация	1
